time_utc,PM2.5,Relative humidity
2026-10-01T01:01:59Z,4,
2026-10-01T01:02:59Z,3.74,0
2026-10-01T01:03:59Z,3.09,0
2026-10-01T01:04:59Z,4.91,0
2026-10-01T01:05:59Z,6.21,0
2026-10-01T01:06:59Z,,0
2026-10-01T01:07:59Z,3.74,
2026-10-01T01:08:59Z,2.83,0
2026-10-01T01:09:59Z,3.09,0
2026-10-01T01:10:59Z,2.83,0
2026-10-01T01:11:59Z,2.57,0
2026-10-01T01:12:59Z,,0
2026-10-01T01:14:59Z,4.39,0
2026-10-01T01:15:59Z,5.82,0
2026-10-01T01:16:59Z,5.3,0
2026-10-01T01:17:59Z,5.56,0
2026-10-01T01:18:59Z,5.82,0
2026-10-01T01:19:59Z,5.56,0
2026-10-01T01:20:59Z,5.82,0
2026-10-01T01:21:59Z,4.65,0
2026-10-01T01:22:59Z,4.39,0
2026-10-01T01:23:59Z,2.83,0
2026-10-01T01:24:59Z,,0
2026-10-01T01:25:59Z,3.74,0
2026-10-01T01:26:59Z,4,0
2026-10-01T01:27:59Z,3.74,0
2026-10-01T01:28:59Z,4.39,0
2026-10-01T01:29:59Z,3.74,0
2026-10-01T01:32:59Z,4.65,0
2026-10-01T01:33:59Z,3.48,0
2026-10-01T01:34:59Z,2.83,0
2026-10-01T01:35:59Z,2.57,0
2026-10-01T01:36:59Z,4,0
2026-10-01T01:38:59Z,3.74,0
2026-10-01T01:39:59Z,4,0
2026-10-01T01:40:59Z,3.74,0
2026-10-01T01:41:59Z,3.74,0
2026-10-01T01:42:59Z,3.09,0
2026-10-01T01:44:59Z,3.09,
2026-10-01T01:45:59Z,3.09,0
2026-10-01T01:46:59Z,3.09,0
2026-10-01T01:47:59Z,3.48,0
2026-10-01T01:48:59Z,4.65,0
2026-10-01T01:49:59Z,4.39,0
2026-10-01T01:51:59Z,4,0
2026-10-01T01:52:59Z,4.39,0
2026-10-01T01:53:59Z,4.39,0
2026-10-01T01:54:59Z,4.39,0
2026-10-01T01:55:59Z,4.39,0
2026-10-01T01:58:59Z,3.48,0
2026-10-01T01:59:59Z,3.09,0
2026-10-01T02:00:59Z,3.74,0
2026-10-01T02:01:59Z,3.74,0
2026-10-01T02:02:59Z,3.74,0
2026-10-01T02:05:59Z,3.09,0
2026-10-01T02:06:59Z,3.09,0
2026-10-01T02:07:59Z,4.39,0
2026-10-01T02:08:59Z,4.65,0
2026-10-01T02:09:59Z,4.65,0
2026-10-01T02:11:59Z,2.83,0
2026-10-01T02:12:59Z,3.48,0
2026-10-01T02:13:59Z,3.09,0
2026-10-01T02:14:59Z,2.83,0
2026-10-01T02:15:59Z,4,0
2026-10-01T02:17:59Z,4,
2026-10-01T02:18:59Z,4.39,0
2026-10-01T02:19:59Z,3.09,0
2026-10-01T02:20:59Z,2.83,0
2026-10-01T02:21:59Z,3.48,0
2026-10-01T02:22:59Z,4,0
2026-10-01T02:24:59Z,4.65,
2026-10-01T02:25:59Z,4.39,0
2026-10-01T02:26:59Z,3.48,0
2026-10-01T02:27:59Z,4.91,0
2026-10-01T02:28:59Z,4.39,0
2026-10-01T02:29:59Z,4.39,0
2026-10-01T02:32:59Z,3.09,0
2026-10-01T02:33:59Z,3.48,0
2026-10-01T02:34:59Z,3.74,0
2026-10-01T02:35:59Z,3.09,0
2026-10-01T02:36:59Z,3.74,0
2026-10-01T02:38:59Z,4,0
2026-10-01T02:39:59Z,4,0
2026-10-01T02:40:59Z,4,0
2026-10-01T02:41:59Z,3.09,0
2026-10-01T02:42:59Z,3.09,0
2026-10-01T02:43:59Z,,0
2026-10-01T02:45:59Z,3.74,0
2026-10-01T02:46:59Z,3.09,0
2026-10-01T02:47:59Z,3.09,0
2026-10-01T02:48:59Z,4,0
2026-10-01T02:49:59Z,4.39,0
2026-10-01T02:52:59Z,4,0
2026-10-01T02:53:59Z,2.83,0
2026-10-01T02:54:59Z,3.48,0
2026-10-01T02:55:59Z,2.57,0
2026-10-01T02:56:59Z,4,0
2026-10-01T02:59:59Z,3.48,0
2026-10-01T03:00:59Z,3.74,0
2026-10-01T03:01:59Z,4,0
2026-10-01T03:02:59Z,2.83,0
2026-10-01T03:03:59Z,3.74,0
2026-10-01T03:06:59Z,3.74,0
2026-10-01T03:07:59Z,2.83,0
2026-10-01T03:08:59Z,4.65,0
2026-10-01T03:09:59Z,3.74,0
2026-10-01T03:10:59Z,3.74,0
2026-10-01T03:12:59Z,3.48,0
2026-10-01T03:13:59Z,3.74,0
2026-10-01T03:14:59Z,3.09,0
2026-10-01T03:15:59Z,4.39,0
2026-10-01T03:16:59Z,3.74,0
2026-10-01T03:19:59Z,4,0
2026-10-01T03:20:59Z,4.39,0
2026-10-01T03:21:59Z,4.39,0
2026-10-01T03:22:59Z,4,0
2026-10-01T03:23:59Z,4,0
2026-10-01T03:26:59Z,4,0
2026-10-01T03:27:59Z,3.74,0
2026-10-01T03:28:59Z,3.74,0
2026-10-01T03:29:59Z,3.48,0
2026-10-01T03:30:59Z,2.57,0
2026-10-01T03:31:59Z,,0
2026-10-01T03:33:59Z,5.56,
2026-10-01T03:34:59Z,6.47,0
2026-10-01T03:35:59Z,5.82,0
2026-10-01T03:36:59Z,5.56,0
2026-10-01T03:37:59Z,4.39,0
2026-10-01T03:38:59Z,,0
2026-10-01T03:40:59Z,5.82,
2026-10-01T03:41:59Z,4,0
2026-10-01T03:42:59Z,4.39,0
2026-10-01T03:43:59Z,4.65,0
2026-10-01T03:44:59Z,4.65,0
2026-10-01T03:45:59Z,,0
2026-10-01T03:47:59Z,4.65,
2026-10-01T03:48:59Z,4.65,0
2026-10-01T03:49:59Z,4.65,0
2026-10-01T03:50:59Z,6.47,0
2026-10-01T03:51:59Z,4.65,0
2026-10-01T03:52:59Z,,0
2026-10-01T03:54:59Z,3.74,0
2026-10-01T03:55:59Z,4.39,0
2026-10-01T03:56:59Z,4.39,0
2026-10-01T03:57:59Z,4.91,0
2026-10-01T03:58:59Z,4.65,0
2026-10-01T03:59:59Z,3.74,0
2026-10-01T04:02:59Z,6.21,0
2026-10-01T04:03:59Z,3.74,0
2026-10-01T04:04:59Z,3.09,0
2026-10-01T04:05:59Z,4.65,0
2026-10-01T04:06:59Z,4.39,0
2026-10-01T04:09:59Z,4.65,0
2026-10-01T04:10:59Z,4,0
2026-10-01T04:11:59Z,3.48,0
2026-10-01T04:12:59Z,4,0
2026-10-01T04:13:59Z,4,0
2026-10-01T04:15:59Z,,0
2026-10-01T04:16:59Z,5.82,0
2026-10-01T04:17:59Z,4.39,0
2026-10-01T04:18:59Z,3.48,0
2026-10-01T04:19:59Z,4,0
2026-10-01T04:20:59Z,4.91,0
2026-10-01T04:22:59Z,,0
2026-10-01T04:23:59Z,3.48,0
2026-10-01T04:24:59Z,4,0
2026-10-01T04:25:59Z,3.74,0
2026-10-01T04:26:59Z,3.74,0
2026-10-01T04:27:59Z,4,0
2026-10-01T04:30:59Z,4,0
2026-10-01T04:31:59Z,4.65,0
2026-10-01T04:32:59Z,4.39,0
2026-10-01T04:33:59Z,4.39,0
2026-10-01T04:34:59Z,7.38,0
2026-10-01T04:37:59Z,5.3,0
2026-10-01T04:38:59Z,6.21,0
2026-10-01T04:39:59Z,5.56,0
2026-10-01T04:40:59Z,5.56,0
2026-10-01T04:41:59Z,6.21,0
2026-10-01T04:43:59Z,6.47,
2026-10-01T04:44:59Z,4.65,0
2026-10-01T04:45:59Z,4.39,0
2026-10-01T04:46:59Z,4.65,0
2026-10-01T04:47:59Z,3.74,0
2026-10-01T04:50:59Z,4.65,0
2026-10-01T04:51:59Z,3.74,0
2026-10-01T04:52:59Z,4,0
2026-10-01T04:53:59Z,3.48,0
2026-10-01T04:54:59Z,4,0
2026-10-01T04:57:59Z,4,0
2026-10-01T04:58:59Z,4,0
2026-10-01T04:59:59Z,4.39,0
2026-10-01T05:00:59Z,4.65,0
2026-10-01T05:01:59Z,3.09,0
2026-10-01T05:04:59Z,4.39,0
2026-10-01T05:05:59Z,3.74,0
2026-10-01T05:06:59Z,3.74,0
2026-10-01T05:07:59Z,4,0
2026-10-01T05:08:59Z,3.74,0
2026-10-01T05:09:59Z,3.74,
2026-10-01T05:11:59Z,,0
2026-10-01T05:12:59Z,4.91,0
2026-10-01T05:13:59Z,4,0
2026-10-01T05:14:59Z,4.65,0
2026-10-01T05:15:59Z,4,0
2026-10-01T05:16:59Z,4.65,
2026-10-01T05:18:59Z,,0
2026-10-01T05:19:59Z,4.39,0
2026-10-01T05:20:59Z,4.65,0
2026-10-01T05:21:59Z,4.91,0
2026-10-01T05:22:59Z,4.39,0
2026-10-01T05:23:59Z,6.21,0
2026-10-01T05:24:59Z,6.47,
2026-10-01T05:26:59Z,,0
2026-10-01T05:27:59Z,4.39,0
2026-10-01T05:28:59Z,3.74,0
2026-10-01T05:29:59Z,3.74,0
2026-10-01T05:30:59Z,3.74,0
2026-10-01T05:31:59Z,3.48,
2026-10-01T08:00:59Z,3.48,0
2026-10-01T08:01:59Z,2.83,0
2026-10-01T08:02:59Z,4.65,0
2026-10-01T08:03:59Z,4,
2026-10-01T08:04:59Z,3.74,
2026-10-01T08:05:59Z,,0
2026-10-01T08:06:59Z,,0
2026-10-01T08:07:59Z,4.39,0
2026-10-01T08:08:59Z,4,0
2026-10-01T08:09:59Z,3.74,0
2026-10-01T08:10:59Z,3.74,
2026-10-01T08:11:59Z,3.74,
2026-10-01T08:12:59Z,,0
2026-10-01T08:13:59Z,,0
2026-10-01T08:14:59Z,3.48,0
2026-10-01T08:15:59Z,3.74,0
2026-10-01T08:16:59Z,4.39,0
2026-10-01T08:17:59Z,4,
2026-10-01T08:18:59Z,4.65,
2026-10-01T08:21:59Z,3.48,0
2026-10-01T08:22:59Z,3.74,0
2026-10-01T08:23:59Z,3.09,0
2026-10-01T08:24:59Z,3.74,0
2026-10-01T08:25:59Z,3.74,
2026-10-01T08:26:59Z,,0
2026-10-01T08:27:59Z,2.57,0
2026-10-01T08:28:59Z,2.83,0
2026-10-01T08:29:59Z,3.74,0
2026-10-01T08:30:59Z,4,0
2026-10-01T08:31:59Z,4.65,
2026-10-01T08:32:59Z,,0
2026-10-01T08:33:59Z,3.09,0
2026-10-01T08:34:59Z,3.09,0
2026-10-01T08:35:59Z,4.39,0
2026-10-01T08:36:59Z,3.74,0
2026-10-01T08:37:59Z,3.74,
2026-10-01T08:38:59Z,3.48,
2026-10-01T08:39:59Z,,0
2026-10-01T08:40:59Z,,0
2026-10-01T08:41:59Z,2.57,0
2026-10-01T08:42:59Z,3.09,0
2026-10-01T08:43:59Z,4.39,0
2026-10-01T08:44:59Z,4.65,
2026-10-01T08:45:59Z,4.39,0
2026-10-01T08:46:59Z,,0
2026-10-01T08:47:59Z,3.74,0
2026-10-01T08:48:59Z,4,0
2026-10-01T08:49:59Z,4.91,0
2026-10-01T08:50:59Z,3.48,
2026-10-01T08:51:59Z,3.48,0
2026-10-01T08:52:59Z,,0
2026-10-01T08:53:59Z,3.48,0
2026-10-01T08:54:59Z,3.09,0
2026-10-01T08:55:59Z,3.74,0
2026-10-01T08:56:59Z,3.48,
2026-10-01T08:57:59Z,3.48,
2026-10-01T08:59:59Z,,0
2026-10-01T09:00:59Z,,0
2026-10-01T09:01:59Z,3.48,0
2026-10-01T09:02:59Z,3.74,0
2026-10-01T09:03:59Z,3.48,0
2026-10-01T09:04:59Z,3.09,
2026-10-01T09:05:59Z,2.83,
2026-10-01T09:06:59Z,,0
2026-10-01T09:07:59Z,,0
2026-10-01T09:08:59Z,,0
2026-10-01T09:09:59Z,4.39,0
2026-10-01T09:10:59Z,3.48,0
2026-10-01T09:11:59Z,3.09,0
2026-10-01T09:12:59Z,3.74,0
2026-10-01T09:13:59Z,3.74,0
2026-10-01T09:14:59Z,4.65,0
2026-10-01T09:15:59Z,4,0
2026-10-01T09:16:59Z,3.74,0
2026-10-01T09:17:59Z,3.74,0
2026-10-01T09:20:59Z,3.74,0
2026-10-01T09:21:59Z,4.91,0
2026-10-01T09:22:59Z,4,0
2026-10-01T09:23:59Z,4,0
2026-10-01T09:24:59Z,3.74,0
2026-10-01T09:27:59Z,3.48,0
2026-10-01T09:28:59Z,3.48,0
2026-10-01T09:29:59Z,3.74,0
2026-10-01T09:30:59Z,4,0
2026-10-01T09:31:59Z,3.48,0
2026-10-01T09:33:59Z,2.57,0
2026-10-01T09:34:59Z,3.48,0
2026-10-01T09:35:59Z,3.48,0
2026-10-01T09:36:59Z,3.48,0
2026-10-01T09:37:59Z,3.74,0
2026-10-01T09:38:59Z,3.48,
2026-10-01T09:41:59Z,4.39,0
2026-10-01T09:42:59Z,4,0
2026-10-01T09:43:59Z,4,0
2026-10-01T09:44:59Z,3.74,0
2026-10-01T09:45:59Z,3.48,0
2026-10-01T09:48:59Z,3.09,0
2026-10-01T09:49:59Z,3.09,0
2026-10-01T09:50:59Z,3.09,0
2026-10-01T09:51:59Z,3.09,0
2026-10-01T09:52:59Z,3.48,0
2026-10-01T09:54:59Z,3.74,0
2026-10-01T09:55:59Z,3.48,0
2026-10-01T09:56:59Z,3.48,0
2026-10-01T09:57:59Z,3.48,0
2026-10-01T09:58:59Z,3.48,0
2026-10-01T09:59:59Z,2.83,0
2026-10-01T10:02:59Z,3.09,0
2026-10-01T10:03:59Z,3.48,0
2026-10-01T10:04:59Z,3.09,0
2026-10-01T10:05:59Z,3.74,0
2026-10-01T10:06:59Z,2.83,0
2026-10-01T10:09:59Z,3.09,0
2026-10-01T10:10:59Z,4,0
2026-10-01T10:11:59Z,3.09,0
2026-10-01T10:12:59Z,3.48,0
2026-10-01T10:13:59Z,3.74,0
2026-10-01T10:16:59Z,3.48,0
2026-10-01T10:17:59Z,3.09,0
2026-10-01T10:18:59Z,3.48,0
2026-10-01T10:19:59Z,3.09,0
2026-10-01T10:20:59Z,2.83,0
2026-10-01T10:23:59Z,3.74,0
2026-10-01T10:24:59Z,3.74,0
2026-10-01T10:25:59Z,3.48,0
2026-10-01T10:26:59Z,3.48,0
2026-10-01T10:27:59Z,3.48,0
2026-10-01T10:30:59Z,4.39,0
2026-10-01T10:31:59Z,3.48,0
2026-10-01T10:32:59Z,3.48,0
2026-10-01T10:33:59Z,2.57,0
2026-10-01T10:34:59Z,2.83,0
2026-10-01T10:35:59Z,3.09,0
2026-10-01T10:38:59Z,2.83,0
2026-10-01T10:39:59Z,3.09,0
2026-10-01T10:40:59Z,2.83,0
2026-10-01T10:41:59Z,4,0
2026-10-01T10:42:59Z,3.48,0
2026-10-01T10:45:59Z,3.48,0
2026-10-01T10:46:59Z,3.74,0
2026-10-01T10:47:59Z,3.48,0
2026-10-01T10:48:59Z,4,0
2026-10-01T10:49:59Z,3.09,0
2026-10-01T10:50:59Z,2.83,
2026-10-01T10:53:59Z,4,0
2026-10-01T10:54:59Z,3.48,0
2026-10-01T10:55:59Z,3.74,0
2026-10-01T10:56:59Z,3.74,0
2026-10-01T10:57:59Z,4.39,0
2026-10-01T11:02:59Z,3.09,0
2026-10-01T11:03:59Z,3.09,0
2026-10-01T11:04:59Z,4,0
2026-10-01T11:05:59Z,3.74,0
2026-10-01T11:06:59Z,4.39,0
2026-10-01T11:09:59Z,3.48,0
2026-10-01T11:10:59Z,3.09,0
2026-10-01T11:11:59Z,4.39,0
2026-10-01T11:12:59Z,3.74,0
2026-10-01T11:13:59Z,4,0
2026-10-01T11:17:59Z,3.48,0
2026-10-01T11:18:59Z,3.48,0
2026-10-01T11:19:59Z,3.74,0
2026-10-01T11:20:59Z,3.74,0
2026-10-01T11:21:59Z,3.48,0
2026-10-01T11:24:59Z,3.09,0
2026-10-01T11:25:59Z,3.09,0
2026-10-01T11:26:59Z,3.48,0
2026-10-01T11:27:59Z,3.74,0
2026-10-01T11:28:59Z,3.48,0
2026-10-01T11:29:59Z,2.83,
2026-10-01T11:33:59Z,3.48,0
2026-10-01T11:34:59Z,3.09,0
2026-10-01T11:35:59Z,2.83,0
2026-10-01T11:36:59Z,4.39,0
2026-10-01T11:39:59Z,3.74,0
2026-10-01T11:40:59Z,3.48,0
2026-10-01T11:41:59Z,2.83,0
2026-10-01T11:42:59Z,3.09,0
2026-10-01T11:43:59Z,3.74,0
2026-10-01T11:46:59Z,3.09,0
2026-10-01T11:47:59Z,4,0
2026-10-01T11:48:59Z,3.09,0
2026-10-01T11:49:59Z,4,0
2026-10-01T11:50:59Z,3.09,0
2026-10-01T11:53:59Z,4,0
2026-10-01T11:54:59Z,3.09,0
2026-10-01T11:55:59Z,3.74,0
2026-10-01T11:56:59Z,3.74,0
2026-10-01T11:57:59Z,3.74,0
2026-10-01T12:01:59Z,,0
2026-10-01T12:02:59Z,3.09,0
2026-10-01T12:03:59Z,3.09,0
2026-10-01T12:04:59Z,3.09,0
2026-10-01T12:05:59Z,2.57,0
2026-10-01T12:06:59Z,2.57,
2026-10-01T12:08:59Z,3.74,0
2026-10-01T12:09:59Z,3.09,0
2026-10-01T12:10:59Z,2.83,0
2026-10-01T12:11:59Z,3.09,0
2026-10-01T12:12:59Z,3.48,0
2026-10-01T12:13:59Z,3.09,0
2026-10-01T12:14:59Z,2.57,0
2026-10-01T12:17:59Z,3.48,0
2026-10-01T12:18:59Z,3.09,0
2026-10-01T12:19:59Z,2.83,0
2026-10-01T12:20:59Z,3.09,0
2026-10-01T12:21:59Z,2.83,0
2026-10-01T12:25:59Z,2.83,0
2026-10-01T12:26:59Z,2.83,0
2026-10-01T12:27:59Z,2.83,0
2026-10-01T12:28:59Z,3.09,0
2026-10-01T12:29:59Z,2.57,0
2026-10-01T12:30:59Z,2.83,0
2026-10-01T12:33:59Z,3.09,
2026-10-01T12:34:59Z,2.83,0
2026-10-01T12:35:59Z,2.83,0
2026-10-01T12:36:59Z,2.57,0
2026-10-01T12:37:59Z,2.83,0
2026-10-01T12:38:59Z,2.57,0
2026-10-01T12:39:59Z,,0
2026-10-01T12:42:59Z,2.57,
2026-10-01T12:43:59Z,2.57,0
2026-10-01T12:44:59Z,2.18,0
2026-10-01T12:45:59Z,2.57,0
2026-10-01T12:46:59Z,2.57,0
2026-10-01T12:47:59Z,,0
2026-10-01T12:50:59Z,2.57,
2026-10-01T12:51:59Z,2.57,0
2026-10-01T12:52:59Z,2.57,0
2026-10-01T12:53:59Z,2.57,0
2026-10-01T12:54:59Z,2.18,0
2026-10-01T12:55:59Z,2.57,0
2026-10-01T14:00:59Z,3.09,0
2026-10-01T14:01:59Z,2.83,0
2026-10-01T14:02:59Z,2.83,0
2026-10-01T14:03:59Z,2.83,0
2026-10-01T14:04:59Z,,0
2026-10-01T14:08:59Z,2.83,0
2026-10-01T14:09:59Z,2.83,0
2026-10-01T14:10:59Z,2.83,0
2026-10-01T14:11:59Z,2.57,0
2026-10-01T14:12:59Z,2.83,0
2026-10-01T14:13:59Z,,0
2026-10-01T14:15:59Z,2.83,
2026-10-01T14:16:59Z,3.09,0
2026-10-01T14:17:59Z,2.83,0
2026-10-01T14:18:59Z,2.83,0
2026-10-01T14:19:59Z,2.57,0
2026-10-01T14:20:59Z,2.83,0
2026-10-01T14:21:59Z,,0
2026-10-01T14:24:59Z,2.83,
2026-10-01T14:25:59Z,2.83,0
2026-10-01T14:26:59Z,3.09,0
2026-10-01T14:27:59Z,3.09,0
2026-10-01T14:28:59Z,2.83,0
2026-10-01T14:29:59Z,,0
2026-10-01T14:32:59Z,2.83,
2026-10-01T14:33:59Z,2.83,0
2026-10-01T14:34:59Z,2.83,0
2026-10-01T14:35:59Z,2.83,0
2026-10-01T14:36:59Z,3.09,0
2026-10-01T14:37:59Z,,0
2026-10-01T14:40:59Z,2.83,
2026-10-01T14:41:59Z,2.83,0
2026-10-01T14:42:59Z,2.83,0
2026-10-01T14:43:59Z,2.83,0
2026-10-01T14:44:59Z,2.57,0
2026-10-01T14:45:59Z,,0
2026-10-01T14:48:59Z,2.83,
2026-10-01T14:49:59Z,2.57,
2026-10-01T14:50:59Z,2.83,
2026-10-01T14:51:59Z,2.57,0
2026-10-01T14:52:59Z,2.57,0
2026-10-01T14:53:59Z,2.83,0
2026-10-01T14:54:59Z,2.83,0
2026-10-01T14:58:59Z,2.57,0
2026-10-01T14:59:59Z,2.57,0
2026-10-01T15:00:59Z,2.57,0
2026-10-01T15:01:59Z,2.83,0
2026-10-01T15:02:59Z,2.83,0
2026-10-01T15:07:59Z,2.83,0
2026-10-01T15:08:59Z,2.57,0
2026-10-01T15:09:59Z,2.57,0
2026-10-01T15:10:59Z,2.57,0
2026-10-01T15:11:59Z,2.57,
2026-10-01T15:13:59Z,,0
2026-10-01T15:14:59Z,2.83,0
2026-10-01T15:15:59Z,3.09,0
2026-10-01T15:16:59Z,1.92,0
2026-10-01T15:17:59Z,2.83,0
2026-10-01T15:18:59Z,2.83,
2026-10-01T15:22:59Z,2.83,0
2026-10-01T15:23:59Z,2.83,0
2026-10-01T15:24:59Z,2.57,0
2026-10-01T15:25:59Z,2.83,0
2026-10-01T15:26:59Z,2.83,0
2026-10-01T15:29:59Z,2.83,0
2026-10-01T15:30:59Z,2.83,0
2026-10-01T15:31:59Z,3.09,0
2026-10-01T15:32:59Z,2.83,0
2026-10-01T15:33:59Z,2.83,0
2026-10-01T15:37:59Z,2.83,0
2026-10-01T15:38:59Z,2.83,0
2026-10-01T15:39:59Z,3.09,0
2026-10-01T15:40:59Z,2.83,0
2026-10-01T15:41:59Z,2.83,0
2026-10-01T15:44:59Z,2.83,0
2026-10-01T15:45:59Z,2.83,0
2026-10-01T15:46:59Z,2.57,0
2026-10-01T15:47:59Z,2.83,0
2026-10-01T15:48:59Z,3.09,0
2026-10-01T15:49:59Z,2.57,0
2026-10-01T15:50:59Z,,0
2026-10-01T15:54:59Z,2.83,0
2026-10-01T15:55:59Z,3.09,0
2026-10-01T15:56:59Z,2.83,0
2026-10-01T15:57:59Z,2.57,0
2026-10-01T15:58:59Z,2.83,0
2026-10-01T16:04:59Z,3.09,0
2026-10-01T16:05:59Z,2.83,0
2026-10-01T16:06:59Z,2.83,0
2026-10-01T16:07:59Z,2.83,0
2026-10-01T16:08:59Z,3.48,0
2026-10-01T16:09:59Z,2.83,0
2026-10-01T16:12:59Z,2.57,
2026-10-01T16:13:59Z,2.57,0
2026-10-01T16:14:59Z,2.57,0
2026-10-01T16:15:59Z,2.57,0
2026-10-01T16:16:59Z,2.83,0
2026-10-01T16:17:59Z,2.83,0
2026-10-01T16:22:59Z,2.57,0
2026-10-01T16:23:59Z,3.09,0
2026-10-01T16:24:59Z,2.83,0
2026-10-01T16:25:59Z,2.83,0
2026-10-01T16:26:59Z,2.57,0
2026-10-01T16:30:59Z,3.09,0
2026-10-01T16:31:59Z,3.09,0
2026-10-01T16:32:59Z,2.83,0
2026-10-01T16:33:59Z,2.83,0
2026-10-01T16:34:59Z,2.83,0
2026-10-01T16:35:59Z,2.57,0
2026-10-01T16:38:59Z,3.09,0
2026-10-01T16:39:59Z,2.18,0
2026-10-01T16:40:59Z,2.83,0
2026-10-01T16:41:59Z,2.83,0
2026-10-01T16:42:59Z,2.83,0
2026-10-01T16:43:59Z,3.48,
2026-10-01T16:46:59Z,,0
2026-10-01T16:47:59Z,2.83,0
2026-10-01T16:48:59Z,2.57,0
2026-10-01T16:49:59Z,2.57,0
2026-10-01T16:50:59Z,2.18,0
2026-10-01T16:51:59Z,2.57,0
2026-10-01T16:54:59Z,2.57,0
2026-10-01T16:55:59Z,2.83,0
2026-10-01T16:56:59Z,2.57,0
2026-10-01T16:57:59Z,2.83,0
2026-10-01T16:58:59Z,2.83,0
2026-10-01T16:59:59Z,2.83,0
2026-10-01T17:00:59Z,2.57,0
2026-10-01T17:04:59Z,,0
2026-10-01T17:05:59Z,2.57,0
2026-10-01T17:06:59Z,3.09,0
2026-10-01T17:07:59Z,2.83,0
2026-10-01T17:08:59Z,3.09,0
2026-10-01T17:09:59Z,2.83,0
2026-10-01T17:10:59Z,2.83,
2026-10-01T17:14:59Z,2.57,0
2026-10-01T17:15:59Z,2.83,0
2026-10-01T17:16:59Z,2.83,0
2026-10-01T17:17:59Z,2.83,0
2026-10-01T17:18:59Z,3.09,0
2026-10-01T17:19:59Z,2.83,0
2026-10-01T17:23:59Z,,0
2026-10-01T17:24:59Z,2.83,0
2026-10-01T17:25:59Z,2.57,0
2026-10-01T17:26:59Z,2.83,0
2026-10-01T17:27:59Z,2.83,0
2026-10-01T17:28:59Z,2.83,0
2026-10-01T17:32:59Z,,0
2026-10-01T17:33:59Z,2.57,0
2026-10-01T17:34:59Z,2.83,0
2026-10-01T17:35:59Z,2.83,0
2026-10-01T17:36:59Z,2.83,0
2026-10-01T17:37:59Z,3.09,0
2026-10-01T17:41:59Z,2.83,0
2026-10-01T17:42:59Z,2.83,0
2026-10-01T17:43:59Z,2.57,0
2026-10-01T17:44:59Z,2.18,0
2026-10-01T17:45:59Z,2.83,0
2026-10-01T17:46:59Z,2.83,
2026-10-01T17:49:59Z,2.83,0
2026-10-01T17:50:59Z,2.57,0
2026-10-01T17:51:59Z,2.57,0
2026-10-01T17:52:59Z,2.83,0
2026-10-01T17:53:59Z,2.18,0
2026-10-01T17:54:59Z,2.57,
2026-10-01T17:58:59Z,,0
2026-10-01T17:59:59Z,,0
2026-10-01T18:00:59Z,,0
2026-10-01T18:01:59Z,2.83,0
2026-10-01T18:02:59Z,2.83,0
2026-10-01T18:03:59Z,2.83,0
2026-10-01T18:04:59Z,2.57,0
2026-10-01T18:08:59Z,2.57,0
2026-10-01T18:09:59Z,2.57,0
2026-10-01T18:10:59Z,2.83,0
2026-10-01T18:11:59Z,2.83,0
2026-10-01T18:12:59Z,2.57,0
2026-10-01T18:16:59Z,2.57,0
2026-10-01T18:17:59Z,2.18,0
2026-10-01T18:18:59Z,2.18,0
2026-10-01T18:19:59Z,2.18,0
2026-10-01T18:20:59Z,2.18,0
2026-10-01T18:24:59Z,2.57,0
2026-10-01T18:25:59Z,2.57,0
2026-10-01T18:26:59Z,2.18,0
2026-10-01T18:27:59Z,2.18,0
2026-10-01T18:28:59Z,2.57,0
2026-10-01T18:29:59Z,2.18,0
2026-10-01T18:33:59Z,2.18,0
2026-10-01T18:34:59Z,2.18,0
2026-10-01T18:35:59Z,2.18,0
2026-10-01T18:36:59Z,2.18,0
2026-10-01T18:37:59Z,2.18,0
